Modelo,RMSE,MAE,P@5,R@5,P@10,R@10,NDCG@10,Tiempo (s)
KNN-Baseline (item-based),0.7985684451633485,0.601501987427196,0.6928395366034015,0.3005332113196502,0.6821642291786488,0.37593705762683427,0.8464249381208891,27.065298318862915
SVD,0.8139773222266672,0.616540453220903,0.6582593870676198,0.26248500768124167,0.6490715146464469,0.3300655808416979,0.835077649984355,3.1297757625579834
AutoML → BaselineOnly,0.8532186695418261,0.6501066703071728,0.5640497904855805,0.23302726205045407,0.5587499657656178,0.2950120920758807,0.8106162328546637,66.17433309555054
NMF,0.8625732901576872,0.6570540522403474,0.591966559855394,0.24687963830478274,0.5865871646497726,0.30987204480064867,0.804918388737007,7.195062160491943
Baseline (Pop. Bayesiana),0.9584006984173904,0.7414859298757495,0.6146167118560513,0.19456633759659095,0.611777703440262,0.21517482409481806,0.8120414768326926,0.7827179431915283
